{
  "jump_mode": "sequential",
  "n_starts": 12,
  "n_successful": 12,
  "jump_distances": [
    1.5815477362181076,
    1.5815477350294753,
    1.5815477344460833,
    1.581547734458496,
    1.5815477344467803,
    1.5815477345352076,
    1.5815477344629874,
    1.5815477344624935,
    1.5815477344468092,
    1.581547734446763,
    1.5815477344778286,
    1.581547734446972
  ],
  "statistics": {
    "mean": 1.5815477346565006,
    "std": 4.965526896782186e-10,
    "min": 1.5815477344460833,
    "max": 1.5815477362181076
  }
}