{
  "jump_mode": "simultaneous",
  "n_starts": 12,
  "n_successful": 12,
  "jump_distances": [
    1.5815455515670962,
    1.5815455513693557,
    1.581545551120697,
    1.5815455517042762,
    1.5815455511170866,
    1.5815455517047468,
    1.5815455509872995,
    1.5815455511228778,
    1.5815455517057209,
    1.5815455517055554,
    1.5815455511234837,
    1.5815455511196972
  ],
  "statistics": {
    "mean": 1.5815455513623242,
    "std": 2.8052187347167753e-10,
    "min": 1.5815455509872995,
    "max": 1.5815455517057209
  }
}